{"cameraMode":{"drawMode":0,"name":"Shaded","section":"Shading Mode"},"sceneLighting":true,"audioPlay":false,"sceneViewState":{"showFog":true,"showMaterialUpdate":true,"showSkybox":true,"showFlares":true,"showImageEffects":true,"showParticleSystems":true},"in2DMode":false,"pivot":{"x":24.139753341674806,"y":5.098095893859863,"z":6.964328289031982},"rotation":{"x":0.7059974670410156,"y":-0.1590014100074768,"z":0.16793501377105714,"w":0.6697200536727905},"size":15.56773567199707,"orthographic":false}