{"cameraMode":{"drawMode":0,"name":"Shaded","section":"Shading Mode"},"sceneLighting":false,"audioPlay":false,"sceneViewState":{"showFog":false,"showMaterialUpdate":false,"showSkybox":false,"showFlares":false,"showImageEffects":false,"showParticleSystems":false},"in2DMode":false,"pivot":{"x":0.004344940185546875,"y":7.103318214416504,"z":251.736572265625},"rotation":{"x":0.1931823194026947,"y":-0.7454348802566528,"z":0.24448412656784059,"w":0.5895718336105347},"size":20.53592872619629,"orthographic":false}